X,CH1,CH2,Start,Increment,
Sequence,Volt,Volt,-1.204000e-01,2.000000e-04
0,6.96e+00,-3.40e+00,
1,6.56e+00,-3.00e+00,
2,6.64e+00,-3.40e+00,
3,6.24e+00,-2.80e+00,
4,6.40e+00,-2.80e+00,
5,5.76e+00,-3.20e+00,
6,5.84e+00,-3.00e+00,
7,5.20e+00,-2.60e+00,
8,5.28e+00,-2.80e+00,
9,4.56e+00,-2.40e+00,
10,4.64e+00,-2.80e+00,
11,3.92e+00,-2.40e+00,
12,4.00e+00,-2.60e+00,
13,3.28e+00,-2.20e+00,
14,3.28e+00,-2.40e+00,
15,2.64e+00,-2.00e+00,
16,2.72e+00,-2.20e+00,
17,2.16e+00,-1.80e+00,
18,2.24e+00,-1.80e+00,
19,1.68e+00,-2.20e+00,
20,1.76e+00,-1.80e+00,
21,1.36e+00,-1.40e+00,
22,1.44e+00,-1.60e+00,
23,1.12e+00,-1.20e+00,
24,1.28e+00,-1.60e+00,
25,9.60e-01,-1.00e+00,
26,1.04e+00,-1.40e+00,
27,7.20e-01,-1.00e+00,
28,8.00e-01,-1.20e+00,
29,5.60e-01,-8.00e-01,
30,6.40e-01,-1.00e+00,
31,4.80e-01,-6.00e-01,
32,5.60e-01,-1.00e+00,
33,4.00e-01,-6.00e-01,
34,4.00e-01,-8.00e-01,
35,5.60e-01,-4.00e-01,
36,4.00e-01,-6.00e-01,
37,6.40e-01,-2.00e-01,
38,5.60e-01,-4.00e-01,
39,8.80e-01,0.00e+00,
40,8.00e-01,0.00e+00,
41,1.20e+00,-4.00e-01,
42,1.12e+00,-2.00e-01,
43,1.60e+00,2.00e-01,
44,1.52e+00,0.00e+00,
45,2.24e+00,4.00e-01,
46,2.08e+00,2.00e-01,
47,2.88e+00,8.00e-01,
48,2.72e+00,6.00e-01,
49,3.36e+00,2.00e-01,
50,3.36e+00,6.00e-01,
51,3.68e+00,1.00e+00,
52,3.60e+00,8.00e-01,
53,4.00e+00,1.20e+00,
54,3.92e+00,8.00e-01,
55,4.56e+00,1.40e+00,
56,4.40e+00,1.00e+00,
57,5.12e+00,1.40e+00,
58,4.96e+00,1.20e+00,
59,5.44e+00,1.60e+00,
60,5.36e+00,1.40e+00,
61,5.76e+00,1.80e+00,
62,5.68e+00,1.40e+00,
63,6.08e+00,1.80e+00,
64,5.92e+00,1.60e+00,
65,6.56e+00,2.00e+00,
66,6.40e+00,1.80e+00,
67,6.96e+00,2.20e+00,
68,6.80e+00,1.80e+00,
69,7.28e+00,2.40e+00,
70,7.12e+00,2.40e+00,
71,7.44e+00,2.00e+00,
72,7.36e+00,2.20e+00,
73,7.52e+00,2.60e+00,
74,7.52e+00,2.40e+00,
75,7.36e+00,2.80e+00,
76,7.44e+00,2.40e+00,
77,7.20e+00,3.20e+00,
78,7.28e+00,3.20e+00,
79,6.96e+00,2.80e+00,
80,7.12e+00,3.00e+00,
81,6.72e+00,3.40e+00,
82,6.88e+00,3.20e+00,
83,6.48e+00,3.60e+00,
84,6.64e+00,3.20e+00,
85,6.24e+00,3.60e+00,
86,6.40e+00,3.40e+00,
87,5.92e+00,3.80e+00,
88,6.00e+00,3.60e+00,
89,5.60e+00,4.00e+00,
90,5.68e+00,3.80e+00,
91,5.20e+00,4.20e+00,
92,5.28e+00,4.20e+00,
93,4.72e+00,3.80e+00,
94,4.72e+00,4.00e+00,
95,4.08e+00,4.40e+00,
96,4.24e+00,4.20e+00,
97,3.52e+00,4.60e+00,
98,3.60e+00,4.40e+00,
99,2.80e+00,4.80e+00,
100,2.88e+00,4.80e+00,
101,2.24e+00,4.40e+00,
102,2.32e+00,4.60e+00,
103,1.68e+00,5.00e+00,
104,1.68e+00,4.80e+00,
105,1.12e+00,5.20e+00,
106,1.20e+00,4.80e+00,
107,8.00e-01,5.20e+00,
108,9.60e-01,5.20e+00,
109,5.60e-01,5.60e+00,
110,7.20e-01,5.40e+00,
111,4.80e-01,5.80e+00,
112,5.60e-01,5.60e+00,
113,4.00e-01,6.00e+00,
114,4.00e-01,5.60e+00,
115,5.60e-01,6.00e+00,
116,4.00e-01,5.80e+00,
117,5.60e-01,6.20e+00,
118,4.80e-01,6.00e+00,
119,6.40e-01,6.40e+00,
120,5.60e-01,6.20e+00,
121,8.00e-01,6.60e+00,
122,7.20e-01,6.20e+00,
123,9.60e-01,6.60e+00,
124,8.80e-01,6.40e+00,
125,1.36e+00,6.80e+00,
126,1.28e+00,6.60e+00,
127,1.84e+00,7.00e+00,
128,1.84e+00,6.60e+00,
129,2.48e+00,7.20e+00,
130,2.40e+00,7.20e+00,
131,3.04e+00,6.80e+00,
132,2.96e+00,7.00e+00,
133,3.68e+00,7.40e+00,
134,3.60e+00,7.20e+00,
135,4.40e+00,7.80e+00,
136,4.24e+00,7.80e+00,
137,5.12e+00,7.20e+00,
138,5.04e+00,7.60e+00,
139,5.68e+00,8.00e+00,
140,5.60e+00,7.80e+00,
141,6.08e+00,8.20e+00,
142,6.00e+00,8.00e+00,
143,6.40e+00,8.40e+00,
144,6.32e+00,8.00e+00,
145,6.72e+00,8.40e+00,
146,6.64e+00,8.20e+00,
147,7.04e+00,8.60e+00,
148,6.88e+00,8.40e+00,
149,7.28e+00,8.80e+00,
150,7.12e+00,8.40e+00,
151,7.44e+00,9.00e+00,
152,7.36e+00,8.60e+00,
153,7.52e+00,9.00e+00,
154,7.52e+00,8.80e+00,
155,7.36e+00,9.20e+00,
156,7.52e+00,9.00e+00,
157,7.20e+00,9.40e+00,
158,7.36e+00,9.00e+00,
159,6.96e+00,9.60e+00,
160,7.12e+00,9.60e+00,
161,6.64e+00,9.20e+00,
162,6.72e+00,9.40e+00,
163,6.16e+00,9.80e+00,
164,6.16e+00,9.60e+00,
165,5.52e+00,1.02e+01,
166,5.68e+00,1.02e+01,
167,5.20e+00,9.60e+00,
168,5.36e+00,9.60e+00,
169,5.68e+00,1.02e+01,
170,5.60e+00,9.80e+00,
171,6.08e+00,9.40e+00,
172,5.92e+00,9.60e+00,
173,6.48e+00,9.20e+00,
174,6.40e+00,9.60e+00,
175,6.80e+00,9.20e+00,
176,6.72e+00,9.40e+00,
177,7.12e+00,9.00e+00,
178,6.96e+00,9.20e+00,
179,7.28e+00,8.80e+00,
180,7.20e+00,9.00e+00,
181,7.44e+00,8.60e+00,
182,7.28e+00,9.00e+00,
183,7.52e+00,8.40e+00,
184,7.52e+00,8.40e+00,
185,7.36e+00,8.80e+00,
186,7.52e+00,8.60e+00,
187,7.36e+00,8.20e+00,
188,7.44e+00,8.40e+00,
189,7.20e+00,8.00e+00,
190,7.36e+00,8.00e+00,
191,6.96e+00,8.40e+00,
192,7.12e+00,8.20e+00,
193,6.72e+00,7.80e+00,
194,6.88e+00,8.00e+00,
195,6.48e+00,7.60e+00,
196,6.56e+00,7.80e+00,
197,6.32e+00,7.20e+00,
198,6.40e+00,7.20e+00,
199,6.00e+00,7.80e+00,
200,6.08e+00,7.40e+00,
201,5.68e+00,7.00e+00,
202,5.76e+00,7.20e+00,
203,5.12e+00,6.80e+00,
204,5.28e+00,7.20e+00,
205,4.48e+00,6.80e+00,
206,4.56e+00,7.00e+00,
207,3.92e+00,6.60e+00,
208,4.00e+00,6.80e+00,
209,3.52e+00,6.40e+00,
210,3.68e+00,6.60e+00,
211,3.04e+00,6.20e+00,
212,3.12e+00,6.60e+00,
213,2.48e+00,6.20e+00,
214,2.64e+00,6.40e+00,
215,2.08e+00,6.00e+00,
216,2.08e+00,6.20e+00,
217,1.76e+00,5.80e+00,
218,1.76e+00,6.00e+00,
219,1.44e+00,5.60e+00,
220,1.52e+00,5.60e+00,
221,1.20e+00,6.00e+00,
222,1.28e+00,5.80e+00,
223,8.80e-01,5.40e+00,
224,1.04e+00,5.60e+00,
225,7.20e-01,5.20e+00,
226,8.00e-01,5.40e+00,
227,5.60e-01,5.00e+00,
228,6.40e-01,5.20e+00,
229,4.80e-01,4.80e+00,
230,5.60e-01,5.00e+00,
231,4.00e-01,4.60e+00,
232,5.60e-01,4.80e+00,
233,4.00e-01,4.40e+00,
234,4.80e-01,4.80e+00,
235,6.40e-01,4.40e+00,
236,5.60e-01,4.60e+00,
237,8.80e-01,4.20e+00,
238,8.00e-01,4.40e+00,
239,1.12e+00,4.00e+00,
240,1.04e+00,4.20e+00,
241,1.44e+00,3.80e+00,
242,1.36e+00,3.80e+00,
243,1.84e+00,4.20e+00,
244,1.68e+00,4.00e+00,
245,2.16e+00,3.60e+00,
246,2.16e+00,3.80e+00,
247,2.64e+00,3.40e+00,
248,2.48e+00,3.60e+00,
249,3.04e+00,3.20e+00,
250,2.96e+00,3.20e+00,
251,3.52e+00,3.60e+00,
252,3.44e+00,3.00e+00,
253,4.00e+00,3.40e+00,
254,3.84e+00,3.20e+00,
255,4.40e+00,2.60e+00,
256,4.32e+00,3.00e+00,
257,4.88e+00,2.40e+00,
258,4.88e+00,2.80e+00,
259,5.36e+00,2.40e+00,
260,5.28e+00,2.60e+00,
261,5.76e+00,2.20e+00,
262,5.68e+00,2.40e+00,
263,6.24e+00,2.00e+00,
264,6.16e+00,2.00e+00,
265,6.64e+00,2.40e+00,
266,6.56e+00,2.20e+00,
267,6.96e+00,1.80e+00,
268,6.88e+00,2.00e+00,
269,7.20e+00,1.60e+00,
270,7.12e+00,1.80e+00,
271,7.36e+00,1.40e+00,
272,7.28e+00,1.40e+00,
273,7.44e+00,1.80e+00,
274,7.52e+00,1.60e+00,
275,7.36e+00,1.20e+00,
276,7.52e+00,1.40e+00,
277,7.36e+00,1.00e+00,
278,7.44e+00,1.40e+00,
279,7.28e+00,8.00e-01,
280,7.36e+00,8.00e-01,
281,7.04e+00,1.20e+00,
282,7.20e+00,1.00e+00,
283,6.80e+00,6.00e-01,
284,6.96e+00,8.00e-01,
285,6.48e+00,2.00e-01,
286,6.56e+00,6.00e-01,
287,6.08e+00,2.00e-01,
288,6.16e+00,4.00e-01,
289,5.76e+00,0.00e+00,
290,5.84e+00,2.00e-01,
291,5.36e+00,-2.00e-01,
292,5.44e+00,0.00e+00,
293,4.88e+00,-4.00e-01,
294,4.96e+00,-4.00e-01,
295,4.08e+00,0.00e+00,
296,4.24e+00,-2.00e-01,
297,3.52e+00,-6.00e-01,
298,3.60e+00,-4.00e-01,
299,3.04e+00,-8.00e-01,
300,3.12e+00,-4.00e-01,
301,2.56e+00,-1.00e+00,
302,2.64e+00,-1.00e+00,
303,2.16e+00,-6.00e-01,
304,2.24e+00,-8.00e-01,
305,1.60e+00,-1.20e+00,
306,1.68e+00,-1.00e+00,
307,1.28e+00,-1.40e+00,
308,1.36e+00,-1.00e+00,
309,1.04e+00,-1.60e+00,
310,1.12e+00,-1.60e+00,
311,8.00e-01,-1.20e+00,
312,9.60e-01,-1.40e+00,
313,6.40e-01,-1.80e+00,
314,7.20e-01,-1.80e+00,
315,4.80e-01,-2.20e+00,
316,5.60e-01,-2.20e+00,
317,4.00e-01,-1.80e+00,
318,4.00e-01,-2.00e+00,
319,5.60e-01,-2.40e+00,
320,4.00e-01,-2.20e+00,
321,6.40e-01,-2.60e+00,
322,4.80e-01,-2.40e+00,
323,8.00e-01,-2.80e+00,
324,6.40e-01,-2.40e+00,
325,1.04e+00,-2.80e+00,
326,9.60e-01,-2.60e+00,
327,1.44e+00,-3.00e+00,
328,1.28e+00,-2.80e+00,
329,1.92e+00,-3.20e+00,
330,1.84e+00,-2.80e+00,
331,2.48e+00,-3.40e+00,
332,2.32e+00,-3.40e+00,
333,2.96e+00,-3.00e+00,
334,2.88e+00,-3.20e+00,
335,3.44e+00,-3.60e+00,
336,3.44e+00,-3.40e+00,
337,4.00e+00,-3.80e+00,
338,3.92e+00,-3.40e+00,
339,4.48e+00,-4.00e+00,
340,4.32e+00,-3.60e+00,
341,4.96e+00,-4.00e+00,
342,4.88e+00,-3.80e+00,
343,5.44e+00,-4.20e+00,
344,5.28e+00,-4.00e+00,
345,5.84e+00,-4.60e+00,
346,5.76e+00,-4.60e+00,
347,6.40e+00,-4.20e+00,
348,6.24e+00,-4.40e+00,
349,6.72e+00,-4.80e+00,
350,6.64e+00,-4.60e+00,
351,7.04e+00,-5.00e+00,
352,6.96e+00,-4.60e+00,
353,7.36e+00,-5.20e+00,
354,7.20e+00,-5.20e+00,
355,7.52e+00,-4.80e+00,
356,7.52e+00,-5.00e+00,
357,7.36e+00,-5.40e+00,
358,7.52e+00,-5.20e+00,
359,7.28e+00,-5.60e+00,
360,7.44e+00,-5.20e+00,
361,7.12e+00,-5.80e+00,
362,7.20e+00,-5.80e+00,
363,6.80e+00,-5.40e+00,
364,6.88e+00,-5.60e+00,
365,6.48e+00,-6.00e+00,
366,6.64e+00,-5.80e+00,
367,6.24e+00,-6.20e+00,
368,6.32e+00,-6.20e+00,
369,5.92e+00,-5.80e+00,
370,6.00e+00,-6.00e+00,
371,5.52e+00,-6.40e+00,
372,5.60e+00,-6.20e+00,
373,4.96e+00,-6.80e+00,
374,5.04e+00,-6.40e+00,
375,4.24e+00,-7.00e+00,
376,4.32e+00,-7.00e+00,
377,3.76e+00,-6.60e+00,
378,3.84e+00,-6.80e+00,
379,3.28e+00,-7.20e+00,
380,3.28e+00,-7.00e+00,
381,2.64e+00,-7.40e+00,
382,2.72e+00,-7.00e+00,
383,1.92e+00,-7.60e+00,
384,2.00e+00,-7.60e+00,
385,1.36e+00,-7.20e+00,
386,1.44e+00,-7.40e+00,
387,1.04e+00,-7.80e+00,
388,1.12e+00,-7.60e+00,
389,7.20e-01,-8.00e+00,
390,8.00e-01,-7.60e+00,
391,4.80e-01,-8.20e+00,
392,5.60e-01,-8.20e+00,
393,4.00e-01,-7.80e+00,
394,4.00e-01,-8.00e+00,
395,5.60e-01,-8.40e+00,
396,4.80e-01,-8.20e+00,
397,6.40e-01,-8.60e+00,
398,5.60e-01,-8.60e+00,
399,7.20e-01,-8.20e+00,
400,6.40e-01,-8.40e+00,
401,9.60e-01,-8.80e+00,
402,8.80e-01,-8.80e+00,
403,1.20e+00,-9.20e+00,
404,1.12e+00,-8.80e+00,
405,1.60e+00,-9.40e+00,
406,1.52e+00,-9.00e+00,
407,2.08e+00,-9.40e+00,
408,2.00e+00,-9.20e+00,
409,2.64e+00,-9.60e+00,
410,2.56e+00,-9.40e+00,
411,3.20e+00,-9.80e+00,
412,3.20e+00,-9.40e+00,
413,3.92e+00,-1.00e+01,
414,3.84e+00,-9.60e+00,
415,4.56e+00,-1.00e+01,
416,4.56e+00,-9.80e+00,
417,4.96e+00,-1.02e+01,
418,4.96e+00,-1.00e+01,
419,4.48e+00,-9.60e+00,
420,4.56e+00,-1.00e+01,
421,4.08e+00,-9.40e+00,
422,4.24e+00,-9.40e+00,
423,3.68e+00,-9.80e+00,
424,3.76e+00,-9.60e+00,
425,3.12e+00,-9.20e+00,
426,3.20e+00,-9.40e+00,
427,2.64e+00,-9.00e+00,
428,2.72e+00,-9.40e+00,
429,2.16e+00,-8.80e+00,
430,2.24e+00,-8.80e+00,
431,1.68e+00,-9.20e+00,
432,1.76e+00,-8.80e+00,
433,1.36e+00,-8.40e+00,
434,1.44e+00,-8.60e+00,
435,1.04e+00,-8.20e+00,
436,1.12e+00,-8.60e+00,
437,8.00e-01,-8.00e+00,
438,8.80e-01,-8.00e+00,
439,6.40e-01,-8.40e+00,
440,7.20e-01,-8.20e+00,
441,4.80e-01,-7.80e+00,
442,4.80e-01,-8.00e+00,
443,5.60e-01,-7.60e+00,
444,4.00e-01,-8.00e+00,
445,5.60e-01,-7.60e+00,
446,4.00e-01,-7.80e+00,
447,5.60e-01,-7.40e+00,
448,4.80e-01,-7.60e+00,
449,6.40e-01,-7.20e+00,
450,5.60e-01,-7.60e+00,
451,8.00e-01,-7.00e+00,
452,7.20e-01,-7.00e+00,
453,8.80e-01,-7.40e+00,
454,8.00e-01,-7.20e+00,
455,1.20e+00,-6.80e+00,
456,1.04e+00,-7.00e+00,
457,1.52e+00,-6.60e+00,
458,1.44e+00,-6.80e+00,
459,2.00e+00,-6.40e+00,
460,2.00e+00,-6.20e+00,
461,2.40e+00,-6.80e+00,
462,2.32e+00,-6.40e+00,
463,2.80e+00,-6.00e+00,
464,2.72e+00,-6.20e+00,
465,3.44e+00,-5.80e+00,
466,3.36e+00,-6.20e+00,
467,3.92e+00,-5.80e+00,
468,3.84e+00,-6.00e+00,
469,4.32e+00,-5.60e+00,
470,4.24e+00,-5.80e+00,
471,4.64e+00,-5.40e+00,
472,4.56e+00,-5.80e+00,
473,5.12e+00,-5.20e+00,
474,5.04e+00,-5.60e+00,
475,5.68e+00,-5.20e+00,
476,5.60e+00,-5.40e+00,
477,6.08e+00,-5.00e+00,
478,6.00e+00,-5.20e+00,
479,6.48e+00,-4.80e+00,
480,6.40e+00,-5.20e+00,
481,6.72e+00,-4.60e+00,
482,6.56e+00,-4.60e+00,
483,6.96e+00,-5.00e+00,
484,6.80e+00,-4.80e+00,
485,7.12e+00,-4.40e+00,
486,6.96e+00,-4.60e+00,
487,7.36e+00,-4.20e+00,
488,7.20e+00,-4.20e+00,
489,7.44e+00,-4.60e+00,
490,7.28e+00,-4.20e+00,
491,7.52e+00,-3.80e+00,
492,7.52e+00,-4.00e+00,
493,7.28e+00,-3.60e+00,
494,7.44e+00,-3.80e+00,
495,7.12e+00,-3.40e+00,
496,7.28e+00,-3.80e+00,
497,6.88e+00,-3.40e+00,
498,7.04e+00,-3.60e+00,
499,6.64e+00,-3.20e+00,
500,6.72e+00,-3.40e+00,
501,6.32e+00,-3.00e+00,
502,6.48e+00,-3.40e+00,
503,5.92e+00,-2.80e+00,
504,6.08e+00,-3.20e+00,
505,5.52e+00,-2.80e+00,
506,5.68e+00,-3.00e+00,
507,5.12e+00,-2.60e+00,
508,5.20e+00,-2.80e+00,
509,4.64e+00,-2.40e+00,
510,4.72e+00,-2.80e+00,
511,4.16e+00,-2.40e+00,
512,4.24e+00,-2.20e+00,
513,3.68e+00,-2.60e+00,
514,3.76e+00,-2.40e+00,
515,3.28e+00,-2.00e+00,
516,3.36e+00,-2.20e+00,
517,2.72e+00,-1.80e+00,
518,2.80e+00,-2.20e+00,
519,2.24e+00,-1.80e+00,
520,2.32e+00,-1.80e+00,
521,1.84e+00,-1.40e+00,
522,1.76e+00,-1.60e+00,
523,1.28e+00,-1.20e+00,
524,1.36e+00,-1.60e+00,
525,9.60e-01,-1.00e+00,
526,1.04e+00,-1.40e+00,
527,7.20e-01,-1.00e+00,
528,8.00e-01,-1.20e+00,
529,4.80e-01,-8.00e-01,
530,4.80e-01,-1.00e+00,
531,6.40e-01,-6.00e-01,
532,5.60e-01,-1.00e+00,
533,4.00e-01,-6.00e-01,
534,4.00e-01,-4.00e-01,
535,5.60e-01,-8.00e-01,
536,4.80e-01,-6.00e-01,
537,6.40e-01,-2.00e-01,
538,5.60e-01,-4.00e-01,
539,8.80e-01,0.00e+00,
540,7.20e-01,-4.00e-01,
541,1.12e+00,0.00e+00,
542,1.04e+00,-2.00e-01,
543,1.36e+00,2.00e-01,
544,1.28e+00,0.00e+00,
545,1.68e+00,4.00e-01,
546,1.60e+00,2.00e-01,
547,2.16e+00,6.00e-01,
548,2.08e+00,2.00e-01,
549,2.72e+00,8.00e-01,
550,2.56e+00,6.00e-01,
551,3.20e+00,1.00e+00,
552,3.20e+00,8.00e-01,
553,3.68e+00,1.20e+00,
554,3.60e+00,8.00e-01,
555,4.08e+00,1.40e+00,
556,4.00e+00,1.00e+00,
557,4.88e+00,1.40e+00,
558,4.80e+00,1.20e+00,
559,5.52e+00,1.60e+00,
560,5.36e+00,1.40e+00,
561,5.92e+00,1.80e+00,
562,5.84e+00,1.40e+00,
563,6.16e+00,1.80e+00,
564,6.16e+00,1.60e+00,
565,6.56e+00,2.00e+00,
566,6.40e+00,1.80e+00,
567,6.88e+00,2.20e+00,
568,6.80e+00,1.80e+00,
569,7.12e+00,2.40e+00,
570,7.04e+00,2.40e+00,
571,7.36e+00,2.00e+00,
572,7.28e+00,2.20e+00,
573,7.44e+00,2.60e+00,
574,7.52e+00,2.40e+00,
575,7.28e+00,2.80e+00,
576,7.28e+00,2.60e+00,
577,7.52e+00,3.00e+00,
578,7.44e+00,2.60e+00,
579,7.20e+00,3.20e+00,
580,7.28e+00,3.00e+00,
581,7.04e+00,3.40e+00,
582,7.12e+00,3.20e+00,
583,6.80e+00,3.60e+00,
584,6.88e+00,3.20e+00,
585,6.48e+00,3.80e+00,
586,6.56e+00,3.80e+00,
587,6.08e+00,3.40e+00,
588,6.08e+00,3.60e+00,
589,5.52e+00,4.00e+00,
590,5.68e+00,3.80e+00,
591,5.04e+00,4.20e+00,
592,5.12e+00,3.80e+00,
593,4.48e+00,4.20e+00,
594,4.56e+00,4.00e+00,
595,3.92e+00,4.40e+00,
596,4.00e+00,4.20e+00,
597,3.44e+00,4.60e+00,
598,3.52e+00,4.40e+00,
599,2.88e+00,4.80e+00,
600,2.96e+00,4.80e+00,
601,2.40e+00,4.40e+00,
602,2.48e+00,4.60e+00,
603,2.00e+00,5.00e+00,
604,2.08e+00,4.80e+00,
605,1.68e+00,5.20e+00,
606,1.68e+00,5.00e+00,
607,1.20e+00,5.20e+00,
608,1.36e+00,5.20e+00,
609,8.80e-01,5.60e+00,
610,1.04e+00,5.40e+00,
611,6.40e-01,5.80e+00,
612,8.00e-01,5.60e+00,
613,4.80e-01,6.00e+00,
614,6.40e-01,5.60e+00,
615,4.00e-01,6.00e+00,
616,4.00e-01,5.80e+00,
617,5.60e-01,6.20e+00,
618,4.80e-01,6.00e+00,
619,6.40e-01,6.40e+00,
620,5.60e-01,6.00e+00,
621,8.80e-01,6.60e+00,
622,7.20e-01,6.60e+00,
623,1.12e+00,6.20e+00,
624,9.60e-01,6.40e+00,
625,1.36e+00,6.80e+00,
626,1.28e+00,6.60e+00,
627,1.68e+00,7.00e+00,
628,1.68e+00,6.80e+00,
629,2.24e+00,7.20e+00,
630,2.24e+00,7.20e+00,
631,2.80e+00,6.80e+00,
632,2.72e+00,7.00e+00,
633,3.28e+00,7.40e+00,
634,3.20e+00,7.20e+00,
635,3.76e+00,7.60e+00,
636,3.68e+00,7.40e+00,
637,4.32e+00,7.80e+00,
638,4.24e+00,7.60e+00,
639,5.04e+00,8.00e+00,
640,4.96e+00,7.80e+00,
641,5.68e+00,8.20e+00,
642,5.60e+00,8.00e+00,
643,6.08e+00,8.40e+00,
644,6.00e+00,8.00e+00,
645,6.40e+00,8.40e+00,
646,6.32e+00,8.20e+00,
647,6.88e+00,8.60e+00,
648,6.80e+00,8.40e+00,
649,7.28e+00,8.80e+00,
650,7.12e+00,8.40e+00,
651,7.52e+00,9.00e+00,
652,7.52e+00,9.00e+00,
653,7.28e+00,8.60e+00,
654,7.52e+00,8.80e+00,
655,7.28e+00,9.20e+00,
656,7.44e+00,9.00e+00,
657,7.20e+00,9.40e+00,
658,7.36e+00,9.40e+00,
659,7.04e+00,9.00e+00,
660,7.20e+00,9.60e+00,
661,6.88e+00,9.20e+00,
662,6.96e+00,9.40e+00,
663,6.56e+00,9.80e+00,
664,6.72e+00,9.60e+00,
665,6.24e+00,1.02e+01,
666,6.32e+00,9.80e+00,
667,5.92e+00,1.02e+01,
668,6.08e+00,1.02e+01,
669,6.48e+00,9.60e+00,
670,6.40e+00,9.80e+00,
671,6.72e+00,9.40e+00,
672,6.64e+00,9.60e+00,
673,6.96e+00,9.20e+00,
674,6.88e+00,9.60e+00,
675,7.20e+00,9.00e+00,
676,7.04e+00,9.00e+00,
677,7.28e+00,9.40e+00,
678,7.20e+00,9.20e+00,
679,7.44e+00,8.80e+00,
680,7.28e+00,9.00e+00,
681,7.52e+00,8.60e+00,
682,7.36e+00,9.00e+00,
683,7.52e+00,8.40e+00,
684,7.52e+00,8.40e+00,
685,7.36e+00,8.80e+00,
686,7.44e+00,8.60e+00,
687,7.20e+00,8.20e+00,
688,7.28e+00,8.40e+00,
689,6.96e+00,8.00e+00,
690,7.04e+00,8.00e+00,
691,6.72e+00,8.40e+00,
692,6.88e+00,8.20e+00,
693,6.40e+00,7.80e+00,
694,6.56e+00,8.00e+00,
695,6.08e+00,7.60e+00,
696,6.08e+00,7.80e+00,
697,5.52e+00,7.40e+00,
698,5.60e+00,7.60e+00,
699,5.12e+00,7.20e+00,
700,5.20e+00,7.40e+00,
701,4.72e+00,7.00e+00,
702,4.80e+00,7.20e+00,
703,4.24e+00,6.80e+00,
704,4.32e+00,7.20e+00,
705,3.84e+00,6.80e+00,
706,3.92e+00,7.00e+00,
707,3.28e+00,6.60e+00,
708,3.36e+00,6.80e+00,
709,2.80e+00,6.40e+00,
710,2.88e+00,6.60e+00,
711,2.40e+00,6.20e+00,
712,2.48e+00,6.60e+00,
713,2.00e+00,6.20e+00,
714,2.16e+00,6.40e+00,
715,1.60e+00,6.00e+00,
716,1.68e+00,6.20e+00,
717,1.28e+00,5.80e+00,
718,1.36e+00,6.00e+00,
719,9.60e-01,5.60e+00,
720,1.04e+00,5.60e+00,
721,7.20e-01,6.00e+00,
722,8.00e-01,5.80e+00,
723,4.80e-01,5.40e+00,
724,5.60e-01,5.60e+00,
725,4.00e-01,5.20e+00,
726,4.00e-01,5.20e+00,
727,5.60e-01,4.80e+00,
728,4.80e-01,5.20e+00,
729,6.40e-01,4.80e+00,
730,5.60e-01,5.00e+00,
731,8.00e-01,4.60e+00,
732,7.20e-01,4.80e+00,
733,1.04e+00,4.40e+00,
734,8.80e-01,4.40e+00,
735,1.28e+00,4.80e+00,
736,1.20e+00,4.60e+00,
737,1.60e+00,4.20e+00,
738,1.52e+00,4.40e+00,
739,2.00e+00,4.00e+00,
740,1.92e+00,4.20e+00,
741,2.40e+00,3.80e+00,
742,2.32e+00,3.80e+00,
743,2.80e+00,4.20e+00,
744,2.72e+00,4.00e+00,
745,3.28e+00,3.60e+00,
746,3.12e+00,3.80e+00,
747,3.76e+00,3.40e+00,
748,3.68e+00,3.60e+00,
749,4.32e+00,3.20e+00,
750,4.24e+00,3.20e+00,
751,4.96e+00,3.60e+00,
752,4.80e+00,3.40e+00,
753,5.44e+00,3.00e+00,
754,5.36e+00,3.20e+00,
755,5.92e+00,2.60e+00,
756,5.76e+00,3.20e+00,
757,6.32e+00,2.40e+00,
758,6.24e+00,2.40e+00,
759,6.72e+00,2.80e+00,
760,6.64e+00,2.60e+00,
761,7.04e+00,2.20e+00,
762,6.96e+00,2.40e+00,
763,7.28e+00,2.00e+00,
764,7.12e+00,2.40e+00,
765,7.36e+00,1.80e+00,
766,7.44e+00,2.20e+00,
767,7.28e+00,1.80e+00,
768,7.28e+00,2.00e+00,
769,7.52e+00,1.60e+00,
770,7.28e+00,1.80e+00,
771,7.52e+00,1.40e+00,
772,7.44e+00,1.40e+00,
773,7.28e+00,1.80e+00,
774,7.44e+00,1.60e+00,
775,7.20e+00,1.20e+00,
776,7.28e+00,1.40e+00,
777,6.80e+00,1.00e+00,
778,6.96e+00,1.40e+00,
779,6.40e+00,8.00e-01,
780,6.48e+00,8.00e-01,
781,6.16e+00,1.20e+00,
782,6.24e+00,1.00e+00,
783,5.76e+00,6.00e-01,
784,5.84e+00,8.00e-01,
785,5.20e+00,2.00e-01,
786,5.28e+00,6.00e-01,
787,4.48e+00,2.00e-01,
788,4.56e+00,4.00e-01,
789,4.00e+00,0.00e+00,
790,4.08e+00,2.00e-01,
791,3.60e+00,-2.00e-01,
792,3.68e+00,0.00e+00,
793,3.20e+00,-4.00e-01,
794,3.20e+00,0.00e+00,
795,2.56e+00,-4.00e-01,
796,2.64e+00,-2.00e-01,
797,2.16e+00,-6.00e-01,
798,2.24e+00,-4.00e-01,
799,1.84e+00,-8.00e-01,
800,1.84e+00,-6.00e-01,
801,1.52e+00,-1.00e+00,
802,1.60e+00,-1.00e+00,
803,1.20e+00,-6.00e-01,
804,1.36e+00,-8.00e-01,
805,9.60e-01,-1.20e+00,
806,1.04e+00,-1.00e+00,
807,7.20e-01,-1.40e+00,
808,8.00e-01,-1.00e+00,
809,5.60e-01,-1.60e+00,
810,6.40e-01,-1.60e+00,
811,4.00e-01,-1.20e+00,
812,4.00e-01,-1.40e+00,
813,5.60e-01,-1.80e+00,
814,4.80e-01,-1.80e+00,
815,7.20e-01,-2.00e+00,
816,5.60e-01,-1.80e+00,
817,9.60e-01,-2.20e+00,
818,8.80e-01,-2.00e+00,
819,1.28e+00,-2.40e+00,
820,1.20e+00,-2.20e+00,
821,1.68e+00,-2.60e+00,
822,1.52e+00,-2.40e+00,
823,2.08e+00,-2.80e+00,
824,2.00e+00,-2.80e+00,
825,2.56e+00,-2.40e+00,
826,2.48e+00,-2.60e+00,
827,3.04e+00,-3.00e+00,
828,2.96e+00,-2.80e+00,
829,3.52e+00,-3.20e+00,
830,3.44e+00,-2.80e+00,
831,4.00e+00,-3.40e+00,
832,3.84e+00,-3.40e+00,
833,4.40e+00,-3.00e+00,
834,4.32e+00,-3.20e+00,
835,4.88e+00,-3.60e+00,
836,4.80e+00,-3.40e+00,
837,5.36e+00,-3.80e+00,
838,5.20e+00,-3.40e+00,
839,5.76e+00,-4.00e+00,
840,5.68e+00,-4.00e+00,
841,6.24e+00,-3.60e+00,
842,6.24e+00,-3.80e+00,
843,6.72e+00,-4.20e+00,
844,6.64e+00,-4.20e+00,
845,7.04e+00,-4.60e+00,
846,6.96e+00,-4.20e+00,
847,7.28e+00,-4.60e+00,
848,7.20e+00,-4.40e+00,
849,7.44e+00,-4.80e+00,
850,7.52e+00,-4.60e+00,
851,7.36e+00,-5.00e+00,
852,7.36e+00,-4.60e+00,
853,7.52e+00,-5.20e+00,
854,7.44e+00,-5.20e+00,
855,7.20e+00,-4.80e+00,
856,7.28e+00,-5.00e+00,
857,6.96e+00,-5.40e+00,
858,7.12e+00,-5.20e+00,
859,6.72e+00,-5.60e+00,
860,6.88e+00,-5.20e+00,
861,6.48e+00,-5.80e+00,
862,6.56e+00,-5.80e+00,
863,6.08e+00,-5.40e+00,
864,6.16e+00,-5.60e+00,
865,5.68e+00,-6.00e+00,
866,5.76e+00,-5.80e+00,
867,5.20e+00,-6.20e+00,
868,5.28e+00,-5.80e+00,
869,4.72e+00,-6.20e+00,
870,4.72e+00,-6.40e+00,
871,4.08e+00,-6.00e+00,
872,4.16e+00,-6.20e+00,
873,3.36e+00,-6.80e+00,
874,3.36e+00,-6.40e+00,
875,2.64e+00,-7.00e+00,
876,2.72e+00,-7.00e+00,
877,2.00e+00,-6.60e+00,
878,2.08e+00,-6.80e+00,
879,1.44e+00,-7.20e+00,
880,1.52e+00,-7.00e+00,
881,1.12e+00,-7.40e+00,
882,1.20e+00,-7.00e+00,
883,8.00e-01,-7.60e+00,
884,9.60e-01,-7.60e+00,
885,6.40e-01,-7.20e+00,
886,7.20e-01,-7.40e+00,
887,4.80e-01,-7.80e+00,
888,5.60e-01,-7.60e+00,
889,4.00e-01,-8.00e+00,
890,4.00e-01,-7.60e+00,
891,5.60e-01,-8.20e+00,
892,4.80e-01,-7.80e+00,
893,5.60e-01,-8.20e+00,
894,5.60e-01,-8.00e+00,
895,7.20e-01,-8.40e+00,
896,6.40e-01,-8.00e+00,
897,9.60e-01,-8.60e+00,
898,8.80e-01,-8.60e+00,
899,1.28e+00,-8.20e+00,
900,1.12e+00,-8.40e+00,
901,1.68e+00,-8.80e+00,
902,1.52e+00,-8.80e+00,
903,2.16e+00,-9.20e+00,
904,2.16e+00,-8.80e+00,
905,2.80e+00,-9.40e+00,
906,2.72e+00,-9.40e+00,
907,3.52e+00,-9.00e+00,
908,3.44e+00,-9.20e+00,
909,4.24e+00,-9.60e+00,
910,4.16e+00,-9.40e+00,
911,4.80e+00,-9.80e+00,
912,4.72e+00,-9.40e+00,
913,5.36e+00,-1.00e+01,
914,5.20e+00,-1.00e+01,
915,5.76e+00,-9.60e+00,
916,5.68e+00,-9.80e+00,
917,6.00e+00,-1.02e+01,
918,5.84e+00,-1.00e+01,
919,5.36e+00,-9.60e+00,
920,5.44e+00,-1.00e+01,
921,4.88e+00,-9.40e+00,
922,5.04e+00,-9.40e+00,
923,4.32e+00,-9.80e+00,
924,4.40e+00,-9.60e+00,
925,3.68e+00,-9.20e+00,
926,3.84e+00,-9.40e+00,
927,3.12e+00,-9.00e+00,
928,3.20e+00,-9.40e+00,
929,2.56e+00,-8.80e+00,
930,2.72e+00,-8.80e+00,
931,2.16e+00,-9.20e+00,
932,2.24e+00,-8.80e+00,
933,1.84e+00,-8.40e+00,
934,1.84e+00,-8.60e+00,
935,1.52e+00,-8.20e+00,
936,1.60e+00,-8.60e+00,
937,1.28e+00,-8.20e+00,
938,1.36e+00,-8.40e+00,
939,1.04e+00,-8.00e+00,
940,1.12e+00,-8.20e+00,
941,8.00e-01,-7.80e+00,
942,8.80e-01,-8.20e+00,
943,5.60e-01,-7.60e+00,
944,6.40e-01,-8.00e+00,
945,4.80e-01,-7.40e+00,
946,5.60e-01,-7.80e+00,
947,4.00e-01,-7.40e+00,
948,4.00e-01,-7.60e+00,
949,5.60e-01,-7.20e+00,
950,4.80e-01,-7.60e+00,
951,7.20e-01,-7.00e+00,
952,6.40e-01,-7.00e+00,
953,8.80e-01,-7.40e+00,
954,8.00e-01,-7.20e+00,
955,1.28e+00,-6.80e+00,
956,1.20e+00,-7.00e+00,
957,1.76e+00,-6.60e+00,
958,1.68e+00,-7.00e+00,
959,2.24e+00,-6.40e+00,
960,2.16e+00,-6.20e+00,
961,2.72e+00,-6.80e+00,
962,2.64e+00,-6.40e+00,
963,3.04e+00,-6.00e+00,
964,2.96e+00,-6.20e+00,
965,3.52e+00,-5.80e+00,
966,3.36e+00,-6.20e+00,
967,3.76e+00,-5.80e+00,
968,3.68e+00,-6.00e+00,
969,4.16e+00,-5.60e+00,
970,4.00e+00,-5.80e+00,
971,4.48e+00,-5.40e+00,
972,4.48e+00,-5.80e+00,
973,5.04e+00,-5.20e+00,
974,4.96e+00,-5.20e+00,
975,5.60e+00,-5.60e+00,
976,5.52e+00,-5.40e+00,
977,6.00e+00,-5.00e+00,
978,5.92e+00,-5.20e+00,
979,6.48e+00,-4.80e+00,
980,6.40e+00,-5.20e+00,
981,6.96e+00,-4.60e+00,
982,6.80e+00,-4.60e+00,
983,7.28e+00,-5.00e+00,
984,7.20e+00,-4.80e+00,
985,7.44e+00,-4.40e+00,
986,7.44e+00,-4.60e+00,
987,7.28e+00,-4.20e+00,
988,7.52e+00,-4.60e+00,
989,7.28e+00,-4.20e+00,
990,7.44e+00,-4.20e+00,
991,7.28e+00,-3.80e+00,
992,7.36e+00,-4.00e+00,
993,7.12e+00,-3.60e+00,
994,7.20e+00,-3.80e+00,
995,6.88e+00,-3.40e+00,
996,6.96e+00,-3.40e+00,
997,6.64e+00,-3.80e+00,
998,6.72e+00,-3.60e+00,
999,6.32e+00,-3.20e+00,
1000,6.48e+00,-3.40e+00,
1001,6.00e+00,-3.00e+00,
1002,6.08e+00,-3.20e+00,
1003,5.60e+00,-2.80e+00,
1004,5.68e+00,-2.80e+00,
1005,5.12e+00,-3.20e+00,
1006,5.12e+00,-3.00e+00,
1007,4.56e+00,-2.60e+00,
1008,4.64e+00,-2.80e+00,
1009,3.92e+00,-2.40e+00,
1010,4.00e+00,-2.40e+00,
1011,3.28e+00,-2.80e+00,
1012,3.28e+00,-2.60e+00,
1013,2.64e+00,-2.20e+00,
1014,2.72e+00,-2.40e+00,
1015,2.08e+00,-2.00e+00,
1016,2.16e+00,-2.20e+00,
1017,1.60e+00,-1.80e+00,
1018,1.68e+00,-1.80e+00,
1019,1.20e+00,-2.20e+00,
1020,1.28e+00,-1.80e+00,
1021,8.80e-01,-1.40e+00,
1022,1.04e+00,-1.60e+00,
1023,7.20e-01,-1.20e+00,
1024,8.00e-01,-1.60e+00,
1025,5.60e-01,-1.00e+00,
1026,6.40e-01,-1.00e+00,
1027,4.80e-01,-1.40e+00,
1028,5.60e-01,-1.20e+00,
1029,4.00e-01,-8.00e-01,
1030,4.00e-01,-1.00e+00,
1031,5.60e-01,-6.00e-01,
1032,4.80e-01,-1.00e+00,
1033,6.40e-01,-6.00e-01,
1034,5.60e-01,-8.00e-01,
1035,8.00e-01,-4.00e-01,
1036,7.20e-01,-6.00e-01,
1037,1.12e+00,-2.00e-01,
1038,1.04e+00,-4.00e-01,
1039,1.44e+00,0.00e+00,
1040,1.36e+00,0.00e+00,
1041,1.92e+00,-4.00e-01,
1042,1.84e+00,-2.00e-01,
1043,2.40e+00,2.00e-01,
1044,2.32e+00,0.00e+00,
1045,3.04e+00,4.00e-01,
1046,2.96e+00,2.00e-01,
1047,3.76e+00,8.00e-01,
1048,3.76e+00,8.00e-01,
1049,4.40e+00,2.00e-01,
1050,4.32e+00,6.00e-01,
1051,4.80e+00,1.00e+00,
1052,4.80e+00,8.00e-01,
1053,5.28e+00,1.20e+00,
1054,5.12e+00,8.00e-01,
1055,5.60e+00,1.40e+00,
1056,5.52e+00,1.00e+00,
1057,6.16e+00,1.40e+00,
1058,6.08e+00,1.20e+00,
1059,6.56e+00,1.60e+00,
1060,6.48e+00,1.40e+00,
1061,6.88e+00,1.80e+00,
1062,6.80e+00,1.40e+00,
1063,7.12e+00,1.80e+00,
1064,6.96e+00,1.60e+00,
1065,7.36e+00,2.00e+00,
1066,7.20e+00,1.80e+00,
1067,7.44e+00,2.20e+00,
1068,7.52e+00,2.00e+00,
1069,7.36e+00,2.40e+00,
1070,7.52e+00,2.40e+00,
1071,7.28e+00,2.00e+00,
1072,7.44e+00,2.20e+00,
1073,7.12e+00,2.60e+00,
1074,7.20e+00,2.40e+00,
1075,6.88e+00,2.80e+00,
1076,6.96e+00,2.60e+00,
1077,6.48e+00,3.20e+00,
1078,6.64e+00,2.60e+00,
1079,6.16e+00,3.20e+00,
1080,6.16e+00,3.00e+00,
1081,5.68e+00,3.40e+00,
1082,5.76e+00,3.20e+00,
1083,5.28e+00,3.60e+00,
1084,5.44e+00,3.20e+00,
1085,4.88e+00,3.60e+00,
1086,4.96e+00,3.40e+00,
1087,4.40e+00,3.80e+00,
1088,4.48e+00,3.60e+00,
1089,3.92e+00,4.00e+00,
1090,4.00e+00,3.80e+00,
1091,3.44e+00,4.20e+00,
1092,3.52e+00,4.20e+00,
1093,2.88e+00,3.80e+00,
1094,2.96e+00,4.00e+00,
1095,2.40e+00,4.40e+00,
1096,2.48e+00,4.20e+00,
1097,1.92e+00,4.60e+00,
1098,2.00e+00,4.40e+00,
1099,1.44e+00,4.80e+00,
1100,1.52e+00,4.80e+00,
1101,1.04e+00,4.40e+00,
1102,1.12e+00,4.60e+00,
1103,8.00e-01,5.00e+00,
1104,8.00e-01,4.80e+00,
1105,5.60e-01,5.20e+00,
1106,6.40e-01,4.80e+00,
1107,4.80e-01,5.20e+00,
1108,5.60e-01,5.20e+00,
1109,4.00e-01,5.60e+00,
1110,4.00e-01,5.40e+00,
1111,5.60e-01,5.80e+00,
1112,4.80e-01,5.60e+00,
1113,6.40e-01,6.00e+00,
1114,5.60e-01,5.60e+00,
1115,8.00e-01,6.00e+00,
1116,7.20e-01,5.80e+00,
1117,1.04e+00,6.20e+00,
1118,9.60e-01,6.00e+00,
1119,1.36e+00,6.40e+00,
1120,1.28e+00,6.20e+00,
1121,1.68e+00,6.60e+00,
1122,1.68e+00,6.20e+00,
1123,2.16e+00,6.60e+00,
1124,2.08e+00,6.40e+00,
1125,2.72e+00,6.80e+00,
1126,2.64e+00,6.60e+00,
1127,3.28e+00,7.00e+00,
1128,3.28e+00,7.00e+00,
1129,3.92e+00,6.60e+00,
1130,3.76e+00,7.20e+00,
1131,4.40e+00,6.80e+00,
1132,4.32e+00,7.00e+00,
1133,4.96e+00,7.40e+00,
1134,4.88e+00,7.20e+00,
1135,5.60e+00,7.80e+00,
1136,5.52e+00,7.20e+00,
1137,6.16e+00,7.80e+00,
1138,6.16e+00,7.60e+00,
1139,6.56e+00,8.00e+00,
1140,6.40e+00,7.80e+00,
1141,6.72e+00,8.20e+00,
1142,6.56e+00,8.00e+00,
1143,7.04e+00,8.40e+00,
1144,6.96e+00,8.00e+00,
1145,7.36e+00,8.40e+00,
1146,7.20e+00,8.20e+00,
1147,7.52e+00,8.60e+00,
1148,7.52e+00,8.40e+00,
1149,7.28e+00,8.80e+00,
1150,7.52e+00,8.40e+00,
1151,7.28e+00,9.00e+00,
1152,7.44e+00,9.00e+00,
1153,7.28e+00,8.60e+00,
1154,7.44e+00,8.80e+00,
1155,7.12e+00,9.20e+00,
1156,7.28e+00,9.00e+00,
1157,6.88e+00,9.40e+00,
1158,7.04e+00,9.00e+00,
1159,6.56e+00,9.40e+00,
1160,6.64e+00,9.20e+00,
1161,6.16e+00,9.60e+00,
1162,6.24e+00,9.40e+00,
1163,5.68e+00,9.80e+00,
1164,5.76e+00,9.60e+00,
1165,5.12e+00,1.02e+01,
1166,5.20e+00,9.60e+00,
1167,4.80e+00,1.02e+01,
1168,4.96e+00,9.60e+00,
1169,5.36e+00,1.02e+01,
1170,5.28e+00,9.80e+00,
1171,5.84e+00,9.40e+00,
1172,5.76e+00,9.60e+00,
1173,6.24e+00,9.20e+00,
1174,6.16e+00,9.60e+00,
1175,6.64e+00,9.00e+00,
1176,6.56e+00,9.00e+00,
1177,6.96e+00,9.40e+00,
1178,6.80e+00,9.20e+00,
1179,7.20e+00,8.80e+00,
1180,7.04e+00,9.00e+00,
1181,7.36e+00,8.60e+00,
1182,7.20e+00,9.00e+00,
1183,7.44e+00,8.40e+00,
1184,7.28e+00,8.80e+00,
1185,7.52e+00,8.40e+00,
1186,7.28e+00,8.60e+00,
1187,7.52e+00,8.20e+00,
1188,7.36e+00,8.40e+00,
1189,7.52e+00,8.00e+00,
1190,7.52e+00,8.00e+00,
1191,7.28e+00,8.40e+00,
1192,7.36e+00,8.20e+00,
1193,6.96e+00,7.80e+00,
1194,7.12e+00,8.00e+00,
1195,6.64e+00,7.60e+00,
1196,6.72e+00,7.80e+00,
1197,6.48e+00,7.20e+00,
1198,6.48e+00,7.60e+00,
1199,6.16e+00,7.20e+00,
